station_id,timestamp,parameter,label
ENV-ST-001,2026-10-04 00:00:00,pm2_5,pollution_episode
ENV-ST-001,2026-10-04 01:00:00,pm2_5,pollution_episode
ENV-ST-001,2026-10-04 02:00:00,pm2_5,pollution_episode
ENV-ST-001,2026-10-04 03:00:00,pm2_5,pollution_episode
ENV-ST-001,2026-10-04 04:00:00,pm2_5,pollution_episode
ENV-ST-001,2026-10-04 05:00:00,pm2_5,pollution_episode
ENV-ST-001,2026-10-04 06:00:00,pm2_5,pollution_episode
ENV-ST-001,2026-10-04 07:00:00,pm2_5,pollution_episode
ENV-ST-001,2026-10-04 08:00:00,pm2_5,pollution_episode
ENV-ST-001,2026-10-04 09:00:00,pm2_5,pollution_episode
ENV-ST-001,2026-10-04 10:00:00,pm2_5,pollution_episode
ENV-ST-001,2026-10-04 11:00:00,pm2_5,pollution_episode
ENV-ST-001,2026-10-04 12:00:00,pm2_5,pollution_episode
ENV-ST-001,2026-10-04 13:00:00,pm2_5,pollution_episode
ENV-ST-001,2026-10-04 14:00:00,pm2_5,pollution_episode
ENV-ST-001,2026-10-04 15:00:00,pm2_5,pollution_episode
ENV-ST-001,2026-10-04 16:00:00,pm2_5,pollution_episode
ENV-ST-001,2026-10-04 17:00:00,pm2_5,pollution_episode
ENV-ST-001,2026-10-04 18:00:00,pm2_5,pollution_episode
ENV-ST-001,2026-10-04 19:00:00,pm2_5,pollution_episode
ENV-ST-001,2026-10-04 20:00:00,pm2_5,pollution_episode
ENV-ST-001,2026-10-04 21:00:00,pm2_5,pollution_episode
ENV-ST-001,2026-10-04 22:00:00,pm2_5,pollution_episode
ENV-ST-001,2026-10-04 23:00:00,pm2_5,pollution_episode
ENV-ST-001,2026-10-05 00:00:00,pm2_5,pollution_episode
ENV-ST-001,2026-10-05 01:00:00,pm2_5,pollution_episode
ENV-ST-001,2026-10-05 02:00:00,pm2_5,pollution_episode
ENV-ST-001,2026-10-05 03:00:00,pm2_5,pollution_episode
ENV-ST-001,2026-10-05 04:00:00,pm2_5,pollution_episode
ENV-ST-002,2026-10-04 00:00:00,pm2_5,pollution_episode
ENV-ST-002,2026-10-04 01:00:00,pm2_5,pollution_episode
ENV-ST-002,2026-10-04 02:00:00,pm2_5,pollution_episode
ENV-ST-002,2026-10-04 03:00:00,pm2_5,pollution_episode
ENV-ST-002,2026-10-04 04:00:00,pm2_5,pollution_episode
ENV-ST-002,2026-10-04 05:00:00,pm2_5,pollution_episode
ENV-ST-002,2026-10-04 06:00:00,pm2_5,pollution_episode
ENV-ST-002,2026-10-04 07:00:00,pm2_5,pollution_episode
ENV-ST-002,2026-10-04 08:00:00,pm2_5,pollution_episode
ENV-ST-002,2026-10-04 09:00:00,pm2_5,pollution_episode
ENV-ST-002,2026-10-04 10:00:00,pm2_5,pollution_episode
ENV-ST-002,2026-10-04 11:00:00,pm2_5,pollution_episode
ENV-ST-002,2026-10-04 12:00:00,pm2_5,pollution_episode
ENV-ST-002,2026-10-04 13:00:00,pm2_5,pollution_episode
ENV-ST-002,2026-10-04 14:00:00,pm2_5,pollution_episode
ENV-ST-002,2026-10-04 15:00:00,pm2_5,pollution_episode
ENV-ST-002,2026-10-04 16:00:00,pm2_5,pollution_episode
ENV-ST-002,2026-10-04 17:00:00,pm2_5,pollution_episode
ENV-ST-002,2026-10-04 18:00:00,pm2_5,pollution_episode
ENV-ST-002,2026-10-04 19:00:00,pm2_5,pollution_episode
ENV-ST-002,2026-10-04 20:00:00,pm2_5,pollution_episode
ENV-ST-002,2026-10-04 21:00:00,pm2_5,pollution_episode
ENV-ST-002,2026-10-04 22:00:00,pm2_5,pollution_episode
ENV-ST-002,2026-10-04 23:00:00,pm2_5,pollution_episode
ENV-ST-002,2026-10-05 00:00:00,pm2_5,pollution_episode
ENV-ST-002,2026-10-05 01:00:00,pm2_5,pollution_episode
ENV-ST-002,2026-10-05 02:00:00,pm2_5,pollution_episode
ENV-ST-002,2026-10-05 03:00:00,pm2_5,pollution_episode
ENV-ST-002,2026-10-05 04:00:00,pm2_5,pollution_episode
ENV-ST-003,2026-10-03 22:00:00,co,sensor_spike
ENV-ST-004,2026-10-04 00:00:00,pm2_5,pollution_episode
ENV-ST-004,2026-10-04 01:00:00,pm2_5,pollution_episode
ENV-ST-004,2026-10-04 02:00:00,pm2_5,pollution_episode
ENV-ST-004,2026-10-04 03:00:00,pm2_5,pollution_episode
ENV-ST-004,2026-10-04 04:00:00,pm2_5,pollution_episode
ENV-ST-004,2026-10-04 05:00:00,pm2_5,pollution_episode
ENV-ST-004,2026-10-04 06:00:00,pm2_5,pollution_episode
ENV-ST-004,2026-10-04 07:00:00,pm2_5,pollution_episode
ENV-ST-004,2026-10-04 08:00:00,pm2_5,pollution_episode
ENV-ST-004,2026-10-04 09:00:00,pm2_5,pollution_episode
ENV-ST-004,2026-10-04 10:00:00,pm2_5,pollution_episode
ENV-ST-004,2026-10-04 11:00:00,pm2_5,pollution_episode
ENV-ST-004,2026-10-04 12:00:00,pm2_5,pollution_episode
ENV-ST-004,2026-10-04 13:00:00,pm2_5,pollution_episode
ENV-ST-004,2026-10-04 14:00:00,pm2_5,pollution_episode
ENV-ST-004,2026-10-04 15:00:00,pm2_5,pollution_episode
ENV-ST-004,2026-10-04 16:00:00,pm2_5,pollution_episode
ENV-ST-004,2026-10-04 17:00:00,pm2_5,pollution_episode
ENV-ST-004,2026-10-04 18:00:00,pm2_5,pollution_episode
ENV-ST-004,2026-10-04 19:00:00,pm2_5,pollution_episode
ENV-ST-004,2026-10-04 20:00:00,pm2_5,pollution_episode
ENV-ST-004,2026-10-04 21:00:00,pm2_5,pollution_episode
ENV-ST-004,2026-10-04 22:00:00,pm2_5,pollution_episode
ENV-ST-004,2026-10-04 23:00:00,pm2_5,pollution_episode
ENV-ST-004,2026-10-05 00:00:00,pm2_5,pollution_episode
ENV-ST-004,2026-10-05 01:00:00,pm2_5,pollution_episode
ENV-ST-004,2026-10-05 02:00:00,pm2_5,pollution_episode
ENV-ST-004,2026-10-05 03:00:00,pm2_5,pollution_episode
ENV-ST-004,2026-10-05 04:00:00,pm2_5,pollution_episode
ENV-WQ-001,2026-09-17 04:00:00,turbidity,rain_runoff
ENV-WQ-001,2026-09-17 05:00:00,turbidity,rain_runoff
ENV-WQ-001,2026-09-17 06:00:00,turbidity,rain_runoff
ENV-WQ-001,2026-09-17 07:00:00,turbidity,rain_runoff
ENV-WQ-001,2026-09-17 08:00:00,turbidity,rain_runoff
ENV-WQ-001,2026-09-17 09:00:00,turbidity,rain_runoff
ENV-WQ-001,2026-09-17 10:00:00,turbidity,rain_runoff
ENV-WQ-001,2026-09-17 11:00:00,turbidity,rain_runoff
ENV-WQ-001,2026-09-17 12:00:00,turbidity,rain_runoff
ENV-WQ-001,2026-09-17 13:00:00,turbidity,rain_runoff
ENV-WQ-001,2026-09-17 14:00:00,turbidity,rain_runoff
ENV-WQ-001,2026-09-17 15:00:00,turbidity,rain_runoff
ENV-WQ-001,2026-09-17 16:00:00,turbidity,rain_runoff
ENV-WQ-001,2026-09-17 17:00:00,turbidity,rain_runoff
ENV-WQ-001,2026-09-17 18:00:00,turbidity,rain_runoff
ENV-WQ-001,2026-09-17 19:00:00,turbidity,rain_runoff
ENV-WQ-001,2026-09-17 20:00:00,turbidity,rain_runoff
ENV-WQ-001,2026-09-17 21:00:00,turbidity,rain_runoff
ENV-WQ-001,2026-09-17 22:00:00,turbidity,rain_runoff
ENV-WQ-001,2026-10-04 23:00:00,turbidity,water_deterioration
ENV-WQ-001,2026-10-05 00:00:00,turbidity,water_deterioration
ENV-WQ-001,2026-10-05 01:00:00,turbidity,water_deterioration
ENV-WQ-001,2026-10-05 02:00:00,turbidity,water_deterioration
ENV-WQ-001,2026-10-05 03:00:00,turbidity,water_deterioration
ENV-WQ-001,2026-10-05 04:00:00,turbidity,water_deterioration
ENV-WQ-002,2026-09-17 04:00:00,turbidity,rain_runoff
ENV-WQ-002,2026-09-17 05:00:00,turbidity,rain_runoff
ENV-WQ-002,2026-09-17 06:00:00,turbidity,rain_runoff
ENV-WQ-002,2026-09-17 07:00:00,turbidity,rain_runoff
ENV-WQ-002,2026-09-17 08:00:00,turbidity,rain_runoff
ENV-WQ-002,2026-09-17 09:00:00,turbidity,rain_runoff
ENV-WQ-002,2026-09-17 10:00:00,turbidity,rain_runoff
ENV-WQ-002,2026-09-17 11:00:00,turbidity,rain_runoff
ENV-WQ-002,2026-09-17 12:00:00,turbidity,rain_runoff
ENV-WQ-002,2026-09-17 13:00:00,turbidity,rain_runoff
ENV-WQ-002,2026-09-17 14:00:00,turbidity,rain_runoff
ENV-WQ-002,2026-09-17 15:00:00,turbidity,rain_runoff
ENV-WQ-002,2026-09-17 16:00:00,turbidity,rain_runoff
ENV-WQ-002,2026-09-17 17:00:00,turbidity,rain_runoff
ENV-WQ-002,2026-09-17 18:00:00,turbidity,rain_runoff
ENV-WQ-002,2026-09-17 19:00:00,turbidity,rain_runoff
ENV-WQ-002,2026-09-17 20:00:00,turbidity,rain_runoff
ENV-WQ-002,2026-09-17 21:00:00,turbidity,rain_runoff
ENV-WQ-002,2026-09-17 22:00:00,turbidity,rain_runoff
ENV-NS-002,2026-09-29 22:00:00,noise_laeq,night_noise_event
ENV-NS-002,2026-09-29 23:00:00,noise_laeq,night_noise_event
ENV-NS-002,2026-09-30 00:00:00,noise_laeq,night_noise_event
ENV-NS-002,2026-09-30 01:00:00,noise_laeq,night_noise_event
ENV-NS-002,2026-09-30 22:00:00,noise_laeq,night_noise_event
ENV-NS-002,2026-09-30 23:00:00,noise_laeq,night_noise_event
ENV-NS-002,2026-10-01 00:00:00,noise_laeq,night_noise_event
ENV-NS-002,2026-10-01 01:00:00,noise_laeq,night_noise_event
ENV-NS-002,2026-10-01 22:00:00,noise_laeq,night_noise_event
ENV-NS-002,2026-10-01 23:00:00,noise_laeq,night_noise_event
ENV-NS-002,2026-10-02 00:00:00,noise_laeq,night_noise_event
ENV-NS-002,2026-10-02 01:00:00,noise_laeq,night_noise_event
ENV-NS-002,2026-10-02 22:00:00,noise_laeq,night_noise_event
ENV-NS-002,2026-10-02 23:00:00,noise_laeq,night_noise_event
ENV-NS-002,2026-10-03 00:00:00,noise_laeq,night_noise_event
ENV-NS-002,2026-10-03 01:00:00,noise_laeq,night_noise_event
ENV-NS-002,2026-10-03 22:00:00,noise_laeq,night_noise_event
ENV-NS-002,2026-10-03 23:00:00,noise_laeq,night_noise_event
ENV-NS-002,2026-10-04 00:00:00,noise_laeq,night_noise_event
ENV-NS-002,2026-10-04 01:00:00,noise_laeq,night_noise_event
ENV-NS-002,2026-10-04 22:00:00,noise_laeq,night_noise_event
ENV-NS-002,2026-10-04 23:00:00,noise_laeq,night_noise_event
ENV-NS-002,2026-10-05 00:00:00,noise_laeq,night_noise_event
ENV-NS-002,2026-10-05 01:00:00,noise_laeq,night_noise_event
