timestamp,location,temperature,humidity,wind_speed,wind_direction,rainfall,source
2026-09-05 05:00:00,Vijayawada,24.7,82.0,2.22,214.0,0.0,synthetic-dataset
2026-09-05 06:00:00,Vijayawada,24.4,84.0,2.54,210.0,0.0,synthetic-dataset
2026-09-05 07:00:00,Vijayawada,26.5,71.0,1.55,239.0,0.0,synthetic-dataset
2026-09-05 08:00:00,Vijayawada,27.6,71.0,2.92,232.0,0.0,synthetic-dataset
2026-09-05 09:00:00,Vijayawada,26.6,69.0,2.17,234.0,0.0,synthetic-dataset
2026-09-05 10:00:00,Vijayawada,28.1,73.0,2.51,243.0,0.0,synthetic-dataset
2026-09-05 11:00:00,Vijayawada,30.1,67.0,3.71,263.0,0.0,synthetic-dataset
2026-09-05 12:00:00,Vijayawada,30.6,66.0,3.56,211.0,0.0,synthetic-dataset
2026-09-05 13:00:00,Vijayawada,31.5,58.0,2.94,224.0,0.0,synthetic-dataset
2026-09-05 14:00:00,Vijayawada,31.3,57.0,3.1,226.0,0.0,synthetic-dataset
2026-09-05 15:00:00,Vijayawada,32.6,61.0,3.55,225.0,0.0,synthetic-dataset
2026-09-05 16:00:00,Vijayawada,32.4,61.0,4.25,224.0,0.0,synthetic-dataset
2026-09-05 17:00:00,Vijayawada,31.5,63.0,4.2,234.0,0.0,synthetic-dataset
2026-09-05 18:00:00,Vijayawada,31.6,63.0,4.24,224.0,0.0,synthetic-dataset
2026-09-05 19:00:00,Vijayawada,30.3,67.0,5.29,244.0,0.0,synthetic-dataset
2026-09-05 20:00:00,Vijayawada,28.4,69.0,4.54,241.0,0.0,synthetic-dataset
2026-09-05 21:00:00,Vijayawada,28.3,74.0,5.71,247.0,0.0,synthetic-dataset
2026-09-05 22:00:00,Vijayawada,26.3,78.0,4.48,249.0,0.0,synthetic-dataset
2026-09-05 23:00:00,Vijayawada,26.6,73.0,5.14,250.0,0.0,synthetic-dataset
2026-09-06 00:00:00,Vijayawada,25.1,74.0,4.18,239.0,0.0,synthetic-dataset
2026-09-06 01:00:00,Vijayawada,24.4,85.0,4.19,270.0,0.0,synthetic-dataset
2026-09-06 02:00:00,Vijayawada,23.7,87.0,3.04,247.0,0.0,synthetic-dataset
2026-09-06 03:00:00,Vijayawada,24.9,81.0,2.66,222.0,0.0,synthetic-dataset
2026-09-06 04:00:00,Vijayawada,24.0,78.0,3.03,233.0,0.0,synthetic-dataset
2026-09-06 05:00:00,Vijayawada,24.2,83.0,3.05,224.0,0.0,synthetic-dataset
2026-09-06 06:00:00,Vijayawada,24.9,83.0,2.38,245.0,0.0,synthetic-dataset
2026-09-06 07:00:00,Vijayawada,26.4,83.0,1.6,243.0,0.0,synthetic-dataset
2026-09-06 08:00:00,Vijayawada,27.2,77.0,1.52,239.0,0.0,synthetic-dataset
2026-09-06 09:00:00,Vijayawada,28.3,71.0,1.53,268.0,0.0,synthetic-dataset
2026-09-06 10:00:00,Vijayawada,29.3,66.0,1.48,250.0,0.0,synthetic-dataset
2026-09-06 11:00:00,Vijayawada,31.5,66.0,2.61,252.0,0.0,synthetic-dataset
2026-09-06 12:00:00,Vijayawada,30.5,63.0,3.36,231.0,0.0,synthetic-dataset
2026-09-06 13:00:00,Vijayawada,31.1,59.0,3.08,230.0,0.0,synthetic-dataset
2026-09-06 14:00:00,Vijayawada,31.3,67.0,2.27,241.0,0.0,synthetic-dataset
2026-09-06 15:00:00,Vijayawada,32.4,65.0,3.62,242.0,0.0,synthetic-dataset
2026-09-06 16:00:00,Vijayawada,32.7,64.0,3.92,217.0,0.0,synthetic-dataset
2026-09-06 17:00:00,Vijayawada,31.4,59.0,5.3,236.0,0.0,synthetic-dataset
2026-09-06 18:00:00,Vijayawada,30.2,66.0,3.71,237.0,0.0,synthetic-dataset
2026-09-06 19:00:00,Vijayawada,29.4,68.0,4.36,233.0,0.0,synthetic-dataset
2026-09-06 20:00:00,Vijayawada,29.5,70.0,5.45,224.0,0.0,synthetic-dataset
2026-09-06 21:00:00,Vijayawada,28.5,76.0,4.78,226.0,0.0,synthetic-dataset
2026-09-06 22:00:00,Vijayawada,27.3,77.0,4.72,229.0,0.0,synthetic-dataset
2026-09-06 23:00:00,Vijayawada,25.5,80.0,4.31,231.0,0.0,synthetic-dataset
2026-09-07 00:00:00,Vijayawada,25.3,82.0,4.16,235.0,0.0,synthetic-dataset
2026-09-07 01:00:00,Vijayawada,24.6,83.0,4.1,239.0,0.0,synthetic-dataset
2026-09-07 02:00:00,Vijayawada,24.3,78.0,3.0,221.0,0.0,synthetic-dataset
2026-09-07 03:00:00,Vijayawada,24.6,84.0,3.53,218.0,0.0,synthetic-dataset
2026-09-07 04:00:00,Vijayawada,24.3,82.0,2.11,227.0,0.0,synthetic-dataset
2026-09-07 05:00:00,Vijayawada,25.0,79.0,2.72,227.0,0.0,synthetic-dataset
2026-09-07 06:00:00,Vijayawada,25.2,86.0,2.45,213.0,0.0,synthetic-dataset
2026-09-07 07:00:00,Vijayawada,26.2,83.0,1.93,226.0,0.0,synthetic-dataset
2026-09-07 08:00:00,Vijayawada,27.4,79.0,2.19,227.0,0.0,synthetic-dataset
2026-09-07 09:00:00,Vijayawada,27.0,73.0,1.93,229.0,0.0,synthetic-dataset
2026-09-07 10:00:00,Vijayawada,28.8,73.0,1.82,233.0,0.0,synthetic-dataset
2026-09-07 11:00:00,Vijayawada,29.7,66.0,2.37,200.0,0.0,synthetic-dataset
2026-09-07 12:00:00,Vijayawada,30.4,64.0,2.25,209.0,0.0,synthetic-dataset
2026-09-07 13:00:00,Vijayawada,31.3,58.0,3.25,208.0,0.0,synthetic-dataset
2026-09-07 14:00:00,Vijayawada,32.9,62.0,2.82,205.0,0.0,synthetic-dataset
2026-09-07 15:00:00,Vijayawada,31.4,60.0,4.07,197.0,0.0,synthetic-dataset
2026-09-07 16:00:00,Vijayawada,32.5,57.0,3.41,186.0,0.0,synthetic-dataset
2026-09-07 17:00:00,Vijayawada,30.3,61.0,3.97,203.0,0.0,synthetic-dataset
2026-09-07 18:00:00,Vijayawada,30.6,63.0,4.13,192.0,0.0,synthetic-dataset
2026-09-07 19:00:00,Vijayawada,30.1,71.0,5.22,201.0,0.0,synthetic-dataset
2026-09-07 20:00:00,Vijayawada,29.4,72.0,4.77,190.0,0.0,synthetic-dataset
2026-09-07 21:00:00,Vijayawada,28.5,72.0,4.45,185.0,0.0,synthetic-dataset
2026-09-07 22:00:00,Vijayawada,27.5,76.0,4.69,200.0,0.0,synthetic-dataset
2026-09-07 23:00:00,Vijayawada,25.8,78.0,3.19,199.0,0.0,synthetic-dataset
2026-09-08 00:00:00,Vijayawada,24.8,80.0,3.98,203.0,0.0,synthetic-dataset
2026-09-08 01:00:00,Vijayawada,25.1,79.0,4.71,222.0,0.0,synthetic-dataset
2026-09-08 02:00:00,Vijayawada,24.0,83.0,3.47,199.0,0.0,synthetic-dataset
2026-09-08 03:00:00,Vijayawada,23.1,82.0,3.12,201.0,0.0,synthetic-dataset
2026-09-08 04:00:00,Vijayawada,23.3,80.0,3.07,182.0,0.0,synthetic-dataset
2026-09-08 05:00:00,Vijayawada,23.9,84.0,3.0,180.0,0.0,synthetic-dataset
2026-09-08 06:00:00,Vijayawada,25.5,82.0,1.36,214.0,0.0,synthetic-dataset
2026-09-08 07:00:00,Vijayawada,26.1,73.0,1.4,184.0,0.0,synthetic-dataset
2026-09-08 08:00:00,Vijayawada,27.4,75.0,2.31,183.0,0.0,synthetic-dataset
2026-09-08 09:00:00,Vijayawada,27.7,75.0,1.88,195.0,0.0,synthetic-dataset
2026-09-08 10:00:00,Vijayawada,29.1,72.0,3.02,195.0,0.0,synthetic-dataset
2026-09-08 11:00:00,Vijayawada,30.4,69.0,2.39,186.0,0.0,synthetic-dataset
2026-09-08 12:00:00,Vijayawada,30.6,64.0,1.83,194.0,0.0,synthetic-dataset
2026-09-08 13:00:00,Vijayawada,31.8,59.0,2.46,213.0,0.0,synthetic-dataset
2026-09-08 14:00:00,Vijayawada,31.4,57.0,2.03,190.0,0.0,synthetic-dataset
2026-09-08 15:00:00,Vijayawada,31.7,61.0,3.59,183.0,0.0,synthetic-dataset
2026-09-08 16:00:00,Vijayawada,31.6,62.0,3.91,213.0,0.0,synthetic-dataset
2026-09-08 17:00:00,Vijayawada,30.6,65.0,4.04,208.0,0.0,synthetic-dataset
2026-09-08 18:00:00,Vijayawada,31.2,67.0,4.98,196.0,0.0,synthetic-dataset
2026-09-08 19:00:00,Vijayawada,29.7,66.0,5.16,186.0,0.0,synthetic-dataset
2026-09-08 20:00:00,Vijayawada,29.0,65.0,4.51,197.0,0.0,synthetic-dataset
2026-09-08 21:00:00,Vijayawada,28.3,71.0,3.49,207.0,0.0,synthetic-dataset
2026-09-08 22:00:00,Vijayawada,27.3,76.0,4.75,223.0,0.0,synthetic-dataset
2026-09-08 23:00:00,Vijayawada,26.5,77.0,4.53,198.0,0.0,synthetic-dataset
2026-09-09 00:00:00,Vijayawada,25.1,79.0,4.15,211.0,0.0,synthetic-dataset
2026-09-09 01:00:00,Vijayawada,24.2,83.0,4.2,222.0,0.0,synthetic-dataset
2026-09-09 02:00:00,Vijayawada,24.1,82.0,2.82,187.0,0.0,synthetic-dataset
2026-09-09 03:00:00,Vijayawada,22.8,82.0,4.09,229.0,0.0,synthetic-dataset
2026-09-09 04:00:00,Vijayawada,23.1,85.0,2.32,204.0,0.0,synthetic-dataset
2026-09-09 05:00:00,Vijayawada,23.6,81.0,2.93,224.0,0.0,synthetic-dataset
2026-09-09 06:00:00,Vijayawada,24.5,81.0,1.52,225.0,0.0,synthetic-dataset
2026-09-09 07:00:00,Vijayawada,26.3,79.0,1.78,236.0,0.0,synthetic-dataset
2026-09-09 08:00:00,Vijayawada,26.3,72.0,2.96,231.0,0.0,synthetic-dataset
2026-09-09 09:00:00,Vijayawada,27.7,71.0,2.11,198.0,0.0,synthetic-dataset
2026-09-09 10:00:00,Vijayawada,29.9,73.0,2.78,219.0,0.0,synthetic-dataset
2026-09-09 11:00:00,Vijayawada,29.8,63.0,2.67,231.0,0.0,synthetic-dataset
2026-09-09 12:00:00,Vijayawada,31.3,57.0,2.75,229.0,0.0,synthetic-dataset
2026-09-09 13:00:00,Vijayawada,30.8,56.0,3.77,238.0,0.0,synthetic-dataset
2026-09-09 14:00:00,Vijayawada,31.7,60.0,3.28,243.0,0.0,synthetic-dataset
2026-09-09 15:00:00,Vijayawada,31.3,60.0,2.82,243.0,0.0,synthetic-dataset
2026-09-09 16:00:00,Vijayawada,31.6,60.0,3.6,234.0,0.0,synthetic-dataset
2026-09-09 17:00:00,Vijayawada,32.1,65.0,4.52,216.0,0.0,synthetic-dataset
2026-09-09 18:00:00,Vijayawada,29.6,55.0,4.64,233.0,0.0,synthetic-dataset
2026-09-09 19:00:00,Vijayawada,30.3,67.0,3.78,245.0,0.0,synthetic-dataset
2026-09-09 20:00:00,Vijayawada,29.2,74.0,4.24,228.0,0.0,synthetic-dataset
2026-09-09 21:00:00,Vijayawada,27.6,69.0,4.27,249.0,0.0,synthetic-dataset
2026-09-09 22:00:00,Vijayawada,26.0,74.0,4.26,253.0,0.0,synthetic-dataset
2026-09-09 23:00:00,Vijayawada,26.1,76.0,3.56,245.0,0.0,synthetic-dataset
2026-09-10 00:00:00,Vijayawada,24.8,78.0,3.69,207.0,0.0,synthetic-dataset
2026-09-10 01:00:00,Vijayawada,24.7,81.0,3.35,229.0,0.0,synthetic-dataset
2026-09-10 02:00:00,Vijayawada,24.2,88.0,3.79,267.0,0.0,synthetic-dataset
2026-09-10 03:00:00,Vijayawada,25.1,90.0,3.49,238.0,0.0,synthetic-dataset
2026-09-10 04:00:00,Vijayawada,24.0,83.0,2.73,221.0,0.0,synthetic-dataset
2026-09-10 05:00:00,Vijayawada,23.8,88.0,2.36,260.0,0.0,synthetic-dataset
2026-09-10 06:00:00,Vijayawada,25.3,81.0,2.43,245.0,0.0,synthetic-dataset
2026-09-10 07:00:00,Vijayawada,26.2,83.0,1.83,258.0,0.0,synthetic-dataset
2026-09-10 08:00:00,Vijayawada,27.9,75.0,1.63,248.0,0.0,synthetic-dataset
2026-09-10 09:00:00,Vijayawada,28.6,72.0,1.77,250.0,0.0,synthetic-dataset
2026-09-10 10:00:00,Vijayawada,29.3,70.0,2.04,248.0,0.0,synthetic-dataset
2026-09-10 11:00:00,Vijayawada,31.0,76.0,1.97,251.0,0.0,synthetic-dataset
2026-09-10 12:00:00,Vijayawada,30.0,66.0,2.88,270.0,0.0,synthetic-dataset
2026-09-10 13:00:00,Vijayawada,31.0,59.0,3.45,253.0,0.0,synthetic-dataset
2026-09-10 14:00:00,Vijayawada,31.2,63.0,2.61,222.0,0.0,synthetic-dataset
2026-09-10 15:00:00,Vijayawada,31.7,59.0,3.72,245.0,0.0,synthetic-dataset
2026-09-10 16:00:00,Vijayawada,30.9,59.0,3.89,252.0,0.0,synthetic-dataset
2026-09-10 17:00:00,Vijayawada,31.9,64.0,4.42,252.0,0.0,synthetic-dataset
2026-09-10 18:00:00,Vijayawada,30.7,64.0,4.43,231.0,0.0,synthetic-dataset
2026-09-10 19:00:00,Vijayawada,29.0,67.0,3.83,249.0,0.0,synthetic-dataset
2026-09-10 20:00:00,Vijayawada,28.3,69.0,3.97,245.0,0.0,synthetic-dataset
2026-09-10 21:00:00,Vijayawada,28.2,73.0,4.57,263.0,0.0,synthetic-dataset
2026-09-10 22:00:00,Vijayawada,27.6,76.0,4.95,222.0,0.0,synthetic-dataset
2026-09-10 23:00:00,Vijayawada,27.4,72.0,3.14,223.0,0.0,synthetic-dataset
2026-09-11 00:00:00,Vijayawada,27.2,82.0,4.17,224.0,0.0,synthetic-dataset
2026-09-11 01:00:00,Vijayawada,24.8,79.0,4.31,221.0,0.0,synthetic-dataset
2026-09-11 02:00:00,Vijayawada,23.4,79.0,3.32,214.0,0.0,synthetic-dataset
2026-09-11 03:00:00,Vijayawada,22.5,84.0,3.36,190.0,0.0,synthetic-dataset
2026-09-11 04:00:00,Vijayawada,24.3,84.0,2.45,216.0,0.0,synthetic-dataset
2026-09-11 05:00:00,Vijayawada,24.0,80.0,2.49,224.0,0.0,synthetic-dataset
2026-09-11 06:00:00,Vijayawada,24.9,83.0,1.55,212.0,0.0,synthetic-dataset
2026-09-11 07:00:00,Vijayawada,25.6,74.0,1.07,240.0,0.0,synthetic-dataset
2026-09-11 08:00:00,Vijayawada,26.9,74.0,2.67,215.0,0.0,synthetic-dataset
2026-09-11 09:00:00,Vijayawada,28.7,70.0,1.75,229.0,0.0,synthetic-dataset
2026-09-11 10:00:00,Vijayawada,29.1,69.0,2.13,215.0,0.0,synthetic-dataset
2026-09-11 11:00:00,Vijayawada,29.9,67.0,1.86,220.0,0.0,synthetic-dataset
2026-09-11 12:00:00,Vijayawada,30.1,60.0,2.1,212.0,0.0,synthetic-dataset
2026-09-11 13:00:00,Vijayawada,30.3,64.0,3.0,224.0,0.0,synthetic-dataset
2026-09-11 14:00:00,Vijayawada,31.5,61.0,3.04,207.0,0.0,synthetic-dataset
2026-09-11 15:00:00,Vijayawada,32.0,54.0,3.9,211.0,0.0,synthetic-dataset
2026-09-11 16:00:00,Vijayawada,33.1,55.0,4.23,208.0,0.0,synthetic-dataset
2026-09-11 17:00:00,Vijayawada,31.6,62.0,4.41,199.0,0.0,synthetic-dataset
2026-09-11 18:00:00,Vijayawada,31.5,63.0,4.56,206.0,0.0,synthetic-dataset
2026-09-11 19:00:00,Vijayawada,29.7,66.0,5.35,227.0,0.0,synthetic-dataset
2026-09-11 20:00:00,Vijayawada,28.2,69.0,4.07,196.0,0.0,synthetic-dataset
2026-09-11 21:00:00,Vijayawada,27.3,73.0,4.53,203.0,0.0,synthetic-dataset
2026-09-11 22:00:00,Vijayawada,26.5,78.0,5.01,213.0,0.0,synthetic-dataset
2026-09-11 23:00:00,Vijayawada,27.5,75.0,4.88,211.0,0.0,synthetic-dataset
2026-09-12 00:00:00,Vijayawada,24.6,77.0,3.29,196.0,0.0,synthetic-dataset
2026-09-12 01:00:00,Vijayawada,25.1,79.0,3.55,167.0,0.0,synthetic-dataset
2026-09-12 02:00:00,Vijayawada,23.5,84.0,4.08,202.0,0.0,synthetic-dataset
2026-09-12 03:00:00,Vijayawada,24.7,88.0,3.34,169.0,0.0,synthetic-dataset
2026-09-12 04:00:00,Vijayawada,24.4,82.0,2.9,213.0,0.0,synthetic-dataset
2026-09-12 05:00:00,Vijayawada,24.4,75.0,2.44,197.0,0.0,synthetic-dataset
2026-09-12 06:00:00,Vijayawada,25.1,75.0,2.17,207.0,0.0,synthetic-dataset
2026-09-12 07:00:00,Vijayawada,25.5,76.0,2.38,184.0,0.0,synthetic-dataset
2026-09-12 08:00:00,Vijayawada,27.3,73.0,2.07,177.0,0.0,synthetic-dataset
2026-09-12 09:00:00,Vijayawada,27.7,71.0,2.22,199.0,0.0,synthetic-dataset
2026-09-12 10:00:00,Vijayawada,28.2,69.0,2.4,196.0,0.0,synthetic-dataset
2026-09-12 11:00:00,Vijayawada,29.1,65.0,2.21,191.0,0.0,synthetic-dataset
2026-09-12 12:00:00,Vijayawada,30.9,67.0,3.07,199.0,0.0,synthetic-dataset
2026-09-12 13:00:00,Vijayawada,32.6,60.0,4.55,232.0,0.0,synthetic-dataset
2026-09-12 14:00:00,Vijayawada,32.0,58.0,2.51,209.0,0.0,synthetic-dataset
2026-09-12 15:00:00,Vijayawada,31.9,61.0,3.87,213.0,0.0,synthetic-dataset
2026-09-12 16:00:00,Vijayawada,32.1,56.0,3.62,211.0,0.0,synthetic-dataset
2026-09-12 17:00:00,Vijayawada,32.4,63.0,4.54,220.0,0.0,synthetic-dataset
2026-09-12 18:00:00,Vijayawada,31.0,64.0,4.46,201.0,0.0,synthetic-dataset
2026-09-12 19:00:00,Vijayawada,29.7,66.0,4.94,180.0,0.0,synthetic-dataset
2026-09-12 20:00:00,Vijayawada,29.8,74.0,5.19,204.0,0.0,synthetic-dataset
2026-09-12 21:00:00,Vijayawada,28.3,70.0,4.66,217.0,0.0,synthetic-dataset
2026-09-12 22:00:00,Vijayawada,28.0,81.0,5.01,197.0,0.0,synthetic-dataset
2026-09-12 23:00:00,Vijayawada,26.1,77.0,3.08,208.0,0.0,synthetic-dataset
2026-09-13 00:00:00,Vijayawada,24.3,77.0,4.8,204.0,0.0,synthetic-dataset
2026-09-13 01:00:00,Vijayawada,23.6,83.0,3.9,232.0,0.0,synthetic-dataset
2026-09-13 02:00:00,Vijayawada,25.3,80.0,3.94,224.0,0.0,synthetic-dataset
2026-09-13 03:00:00,Vijayawada,25.2,82.0,2.48,225.0,0.0,synthetic-dataset
2026-09-13 04:00:00,Vijayawada,24.0,85.0,2.38,226.0,0.0,synthetic-dataset
2026-09-13 05:00:00,Vijayawada,24.3,84.0,2.62,220.0,0.0,synthetic-dataset
2026-09-13 06:00:00,Vijayawada,26.2,79.0,2.35,224.0,0.0,synthetic-dataset
2026-09-13 07:00:00,Vijayawada,25.2,81.0,2.38,209.0,0.0,synthetic-dataset
2026-09-13 08:00:00,Vijayawada,26.3,79.0,2.74,199.0,0.0,synthetic-dataset
2026-09-13 09:00:00,Vijayawada,28.5,76.0,1.36,228.0,0.0,synthetic-dataset
2026-09-13 10:00:00,Vijayawada,28.8,70.0,2.85,232.0,0.0,synthetic-dataset
2026-09-13 11:00:00,Vijayawada,30.0,70.0,2.56,244.0,0.0,synthetic-dataset
2026-09-13 12:00:00,Vijayawada,30.7,58.0,2.7,250.0,0.0,synthetic-dataset
2026-09-13 13:00:00,Vijayawada,31.7,61.0,2.35,251.0,0.0,synthetic-dataset
2026-09-13 14:00:00,Vijayawada,32.8,58.0,3.65,222.0,0.0,synthetic-dataset
2026-09-13 15:00:00,Vijayawada,32.1,60.0,2.5,231.0,0.0,synthetic-dataset
2026-09-13 16:00:00,Vijayawada,32.3,59.0,4.32,242.0,0.0,synthetic-dataset
2026-09-13 17:00:00,Vijayawada,30.0,61.0,3.5,268.0,0.0,synthetic-dataset
2026-09-13 18:00:00,Vijayawada,30.8,69.0,4.47,257.0,0.0,synthetic-dataset
2026-09-13 19:00:00,Vijayawada,29.4,65.0,4.5,253.0,0.0,synthetic-dataset
2026-09-13 20:00:00,Vijayawada,28.2,70.0,5.18,236.0,0.0,synthetic-dataset
2026-09-13 21:00:00,Vijayawada,27.4,71.0,4.47,231.0,0.0,synthetic-dataset
2026-09-13 22:00:00,Vijayawada,26.7,75.0,4.09,252.0,0.0,synthetic-dataset
2026-09-13 23:00:00,Vijayawada,26.6,78.0,4.0,230.0,0.0,synthetic-dataset
2026-09-14 00:00:00,Vijayawada,24.2,82.0,4.64,241.0,0.0,synthetic-dataset
2026-09-14 01:00:00,Vijayawada,24.6,86.0,3.98,243.0,0.0,synthetic-dataset
2026-09-14 02:00:00,Vijayawada,23.8,89.0,3.21,264.0,0.0,synthetic-dataset
2026-09-14 03:00:00,Vijayawada,23.8,85.0,2.97,241.0,0.0,synthetic-dataset
2026-09-14 04:00:00,Vijayawada,24.8,85.0,2.02,216.0,0.0,synthetic-dataset
2026-09-14 05:00:00,Vijayawada,24.9,79.0,2.75,251.0,0.0,synthetic-dataset
2026-09-14 06:00:00,Vijayawada,26.1,80.0,1.48,237.0,0.0,synthetic-dataset
2026-09-14 07:00:00,Vijayawada,25.9,81.0,2.62,245.0,0.0,synthetic-dataset
2026-09-14 08:00:00,Vijayawada,26.5,78.0,2.26,243.0,0.0,synthetic-dataset
2026-09-14 09:00:00,Vijayawada,27.8,73.0,3.43,241.0,0.0,synthetic-dataset
2026-09-14 10:00:00,Vijayawada,29.2,72.0,1.81,253.0,0.0,synthetic-dataset
2026-09-14 11:00:00,Vijayawada,30.1,67.0,2.5,225.0,0.0,synthetic-dataset
2026-09-14 12:00:00,Vijayawada,30.1,67.0,3.7,236.0,0.0,synthetic-dataset
2026-09-14 13:00:00,Vijayawada,31.5,62.0,3.69,250.0,0.0,synthetic-dataset
2026-09-14 14:00:00,Vijayawada,32.0,59.0,3.05,233.0,0.0,synthetic-dataset
2026-09-14 15:00:00,Vijayawada,33.8,61.0,3.82,221.0,0.0,synthetic-dataset
2026-09-14 16:00:00,Vijayawada,33.2,52.0,4.0,247.0,0.0,synthetic-dataset
2026-09-14 17:00:00,Vijayawada,30.9,63.0,4.39,251.0,0.0,synthetic-dataset
2026-09-14 18:00:00,Vijayawada,30.6,53.0,4.09,236.0,0.0,synthetic-dataset
2026-09-14 19:00:00,Vijayawada,29.0,61.0,4.51,212.0,0.0,synthetic-dataset
2026-09-14 20:00:00,Vijayawada,28.6,70.0,3.8,242.0,0.0,synthetic-dataset
2026-09-14 21:00:00,Vijayawada,28.2,73.0,4.63,213.0,0.0,synthetic-dataset
2026-09-14 22:00:00,Vijayawada,27.8,72.0,4.66,235.0,0.0,synthetic-dataset
2026-09-14 23:00:00,Vijayawada,25.5,76.0,4.13,219.0,0.0,synthetic-dataset
2026-09-15 00:00:00,Vijayawada,24.7,85.0,3.19,214.0,0.0,synthetic-dataset
2026-09-15 01:00:00,Vijayawada,23.0,81.0,4.2,221.0,0.0,synthetic-dataset
2026-09-15 02:00:00,Vijayawada,24.0,90.0,3.58,223.0,0.0,synthetic-dataset
2026-09-15 03:00:00,Vijayawada,23.3,84.0,2.73,216.0,0.0,synthetic-dataset
2026-09-15 04:00:00,Vijayawada,23.8,85.0,2.66,229.0,0.0,synthetic-dataset
2026-09-15 05:00:00,Vijayawada,23.9,87.0,1.8,215.0,0.0,synthetic-dataset
2026-09-15 06:00:00,Vijayawada,25.1,81.0,1.85,230.0,0.0,synthetic-dataset
2026-09-15 07:00:00,Vijayawada,24.8,75.0,1.97,220.0,0.0,synthetic-dataset
2026-09-15 08:00:00,Vijayawada,25.9,75.0,2.81,207.0,0.0,synthetic-dataset
2026-09-15 09:00:00,Vijayawada,29.5,72.0,1.92,203.0,0.0,synthetic-dataset
2026-09-15 10:00:00,Vijayawada,28.1,65.0,2.68,192.0,0.0,synthetic-dataset
2026-09-15 11:00:00,Vijayawada,29.2,65.0,2.28,214.0,0.0,synthetic-dataset
2026-09-15 12:00:00,Vijayawada,32.1,61.0,2.92,205.0,0.0,synthetic-dataset
2026-09-15 13:00:00,Vijayawada,33.5,64.0,3.02,179.0,0.0,synthetic-dataset
2026-09-15 14:00:00,Vijayawada,31.0,61.0,3.84,200.0,0.0,synthetic-dataset
2026-09-15 15:00:00,Vijayawada,31.7,59.0,3.44,194.0,0.0,synthetic-dataset
2026-09-15 16:00:00,Vijayawada,32.1,60.0,3.21,222.0,0.0,synthetic-dataset
2026-09-15 17:00:00,Vijayawada,32.7,62.0,3.56,182.0,0.0,synthetic-dataset
2026-09-15 18:00:00,Vijayawada,30.1,65.0,4.17,184.0,0.0,synthetic-dataset
2026-09-15 19:00:00,Vijayawada,29.8,63.0,3.93,213.0,0.0,synthetic-dataset
2026-09-15 20:00:00,Vijayawada,29.6,66.0,4.81,215.0,0.0,synthetic-dataset
2026-09-15 21:00:00,Vijayawada,28.3,75.0,4.33,189.0,0.0,synthetic-dataset
2026-09-15 22:00:00,Vijayawada,26.7,74.0,5.63,190.0,0.0,synthetic-dataset
2026-09-15 23:00:00,Vijayawada,25.9,74.0,3.38,204.0,0.0,synthetic-dataset
2026-09-16 00:00:00,Vijayawada,24.2,82.0,4.1,168.0,0.0,synthetic-dataset
2026-09-16 01:00:00,Vijayawada,24.4,84.0,3.15,174.0,0.0,synthetic-dataset
2026-09-16 02:00:00,Vijayawada,23.9,79.0,3.15,192.0,0.0,synthetic-dataset
2026-09-16 03:00:00,Vijayawada,24.2,85.0,3.16,214.0,0.0,synthetic-dataset
2026-09-16 04:00:00,Vijayawada,23.7,86.0,1.64,190.0,0.0,synthetic-dataset
2026-09-16 05:00:00,Vijayawada,24.9,84.0,2.67,196.0,0.0,synthetic-dataset
2026-09-16 06:00:00,Vijayawada,25.9,82.0,3.31,209.0,0.0,synthetic-dataset
2026-09-16 07:00:00,Vijayawada,26.1,74.0,2.01,220.0,0.0,synthetic-dataset
2026-09-16 08:00:00,Vijayawada,27.2,76.0,2.33,189.0,0.0,synthetic-dataset
2026-09-16 09:00:00,Vijayawada,28.0,71.0,2.75,196.0,0.0,synthetic-dataset
2026-09-16 10:00:00,Vijayawada,29.0,67.0,2.28,218.0,0.0,synthetic-dataset
2026-09-16 11:00:00,Vijayawada,29.5,69.0,2.26,179.0,0.0,synthetic-dataset
2026-09-16 12:00:00,Vijayawada,31.0,68.0,1.66,210.0,0.0,synthetic-dataset
2026-09-16 13:00:00,Vijayawada,31.4,67.0,3.41,186.0,0.0,synthetic-dataset
2026-09-16 14:00:00,Vijayawada,33.3,64.0,3.34,200.0,0.0,synthetic-dataset
2026-09-16 15:00:00,Vijayawada,33.1,60.0,3.2,197.0,0.0,synthetic-dataset
2026-09-16 16:00:00,Vijayawada,32.1,61.0,4.06,190.0,0.0,synthetic-dataset
2026-09-16 17:00:00,Vijayawada,30.9,64.0,3.96,191.0,0.0,synthetic-dataset
2026-09-16 18:00:00,Vijayawada,30.0,64.0,4.18,207.0,0.0,synthetic-dataset
2026-09-16 19:00:00,Vijayawada,30.8,66.0,4.86,217.0,0.0,synthetic-dataset
2026-09-16 20:00:00,Vijayawada,29.2,71.0,3.93,205.0,0.0,synthetic-dataset
2026-09-16 21:00:00,Vijayawada,28.3,72.0,5.08,208.0,0.0,synthetic-dataset
2026-09-16 22:00:00,Vijayawada,25.7,73.0,3.74,216.0,0.0,synthetic-dataset
2026-09-16 23:00:00,Vijayawada,26.6,77.0,3.92,199.0,0.0,synthetic-dataset
2026-09-17 00:00:00,Vijayawada,25.5,82.0,4.96,221.0,0.0,synthetic-dataset
2026-09-17 01:00:00,Vijayawada,23.8,82.0,4.27,223.0,0.0,synthetic-dataset
2026-09-17 02:00:00,Vijayawada,23.8,85.0,3.45,246.0,0.0,synthetic-dataset
2026-09-17 03:00:00,Vijayawada,24.2,86.0,2.62,212.0,0.0,synthetic-dataset
2026-09-17 04:00:00,Vijayawada,24.2,82.0,2.54,213.0,4.9,synthetic-dataset
2026-09-17 05:00:00,Vijayawada,24.3,85.0,2.59,229.0,4.3,synthetic-dataset
2026-09-17 06:00:00,Vijayawada,25.1,82.0,2.38,231.0,7.6,synthetic-dataset
2026-09-17 07:00:00,Vijayawada,25.8,74.0,2.2,217.0,8.7,synthetic-dataset
2026-09-17 08:00:00,Vijayawada,27.1,79.0,2.18,220.0,8.1,synthetic-dataset
2026-09-17 09:00:00,Vijayawada,29.0,70.0,2.13,233.0,3.1,synthetic-dataset
2026-09-17 10:00:00,Vijayawada,27.2,64.0,1.64,218.0,7.4,synthetic-dataset
2026-09-17 11:00:00,Vijayawada,29.8,63.0,2.29,225.0,3.0,synthetic-dataset
2026-09-17 12:00:00,Vijayawada,31.0,60.0,3.26,232.0,8.4,synthetic-dataset
2026-09-17 13:00:00,Vijayawada,31.7,62.0,2.41,244.0,5.6,synthetic-dataset
2026-09-17 14:00:00,Vijayawada,31.6,60.0,3.31,227.0,4.4,synthetic-dataset
2026-09-17 15:00:00,Vijayawada,30.8,59.0,3.3,213.0,0.0,synthetic-dataset
2026-09-17 16:00:00,Vijayawada,32.1,62.0,4.06,213.0,0.0,synthetic-dataset
2026-09-17 17:00:00,Vijayawada,32.7,63.0,4.05,223.0,0.0,synthetic-dataset
2026-09-17 18:00:00,Vijayawada,29.8,64.0,5.18,223.0,0.0,synthetic-dataset
2026-09-17 19:00:00,Vijayawada,30.6,67.0,4.81,238.0,0.0,synthetic-dataset
2026-09-17 20:00:00,Vijayawada,28.8,71.0,3.94,227.0,0.0,synthetic-dataset
2026-09-17 21:00:00,Vijayawada,28.0,66.0,4.89,233.0,0.0,synthetic-dataset
2026-09-17 22:00:00,Vijayawada,26.2,74.0,4.05,233.0,0.0,synthetic-dataset
2026-09-17 23:00:00,Vijayawada,25.8,71.0,3.96,238.0,0.0,synthetic-dataset
2026-09-18 00:00:00,Vijayawada,26.1,81.0,4.16,260.0,0.0,synthetic-dataset
2026-09-18 01:00:00,Vijayawada,24.9,82.0,3.46,252.0,0.0,synthetic-dataset
2026-09-18 02:00:00,Vijayawada,25.3,87.0,3.85,245.0,0.0,synthetic-dataset
2026-09-18 03:00:00,Vijayawada,24.8,88.0,2.7,239.0,0.0,synthetic-dataset
2026-09-18 04:00:00,Vijayawada,24.4,84.0,2.49,240.0,0.0,synthetic-dataset
2026-09-18 05:00:00,Vijayawada,25.8,81.0,2.22,249.0,0.0,synthetic-dataset
2026-09-18 06:00:00,Vijayawada,25.5,82.0,2.08,252.0,0.0,synthetic-dataset
2026-09-18 07:00:00,Vijayawada,26.6,76.0,2.79,234.0,0.0,synthetic-dataset
2026-09-18 08:00:00,Vijayawada,26.8,75.0,2.51,245.0,0.0,synthetic-dataset
2026-09-18 09:00:00,Vijayawada,28.0,75.0,3.1,220.0,0.0,synthetic-dataset
2026-09-18 10:00:00,Vijayawada,28.5,67.0,3.49,246.0,0.0,synthetic-dataset
2026-09-18 11:00:00,Vijayawada,30.7,68.0,2.04,252.0,0.0,synthetic-dataset
2026-09-18 12:00:00,Vijayawada,30.0,66.0,2.84,239.0,0.0,synthetic-dataset
2026-09-18 13:00:00,Vijayawada,32.0,59.0,2.5,263.0,0.0,synthetic-dataset
2026-09-18 14:00:00,Vijayawada,31.7,63.0,3.01,230.0,0.0,synthetic-dataset
2026-09-18 15:00:00,Vijayawada,32.8,62.0,3.4,242.0,0.0,synthetic-dataset
2026-09-18 16:00:00,Vijayawada,32.4,61.0,3.47,238.0,0.0,synthetic-dataset
2026-09-18 17:00:00,Vijayawada,32.7,59.0,3.72,236.0,0.0,synthetic-dataset
2026-09-18 18:00:00,Vijayawada,31.3,61.0,4.37,235.0,0.0,synthetic-dataset
2026-09-18 19:00:00,Vijayawada,28.9,64.0,3.95,237.0,0.0,synthetic-dataset
2026-09-18 20:00:00,Vijayawada,29.0,71.0,5.02,244.0,0.0,synthetic-dataset
2026-09-18 21:00:00,Vijayawada,27.2,69.0,4.1,249.0,0.0,synthetic-dataset
2026-09-18 22:00:00,Vijayawada,26.6,76.0,5.84,231.0,0.0,synthetic-dataset
2026-09-18 23:00:00,Vijayawada,27.1,74.0,4.02,239.0,0.0,synthetic-dataset
2026-09-19 00:00:00,Vijayawada,25.6,80.0,4.04,220.0,0.0,synthetic-dataset
2026-09-19 01:00:00,Vijayawada,24.0,83.0,3.06,236.0,0.0,synthetic-dataset
2026-09-19 02:00:00,Vijayawada,23.4,91.0,4.25,216.0,0.0,synthetic-dataset
2026-09-19 03:00:00,Vijayawada,24.0,80.0,3.65,236.0,0.0,synthetic-dataset
2026-09-19 04:00:00,Vijayawada,23.3,88.0,2.95,248.0,0.0,synthetic-dataset
2026-09-19 05:00:00,Vijayawada,24.1,83.0,1.88,219.0,0.0,synthetic-dataset
2026-09-19 06:00:00,Vijayawada,25.4,82.0,2.47,192.0,0.0,synthetic-dataset
2026-09-19 07:00:00,Vijayawada,26.8,78.0,1.68,210.0,0.0,synthetic-dataset
2026-09-19 08:00:00,Vijayawada,27.4,76.0,2.93,230.0,0.0,synthetic-dataset
2026-09-19 09:00:00,Vijayawada,26.4,72.0,2.65,220.0,0.0,synthetic-dataset
2026-09-19 10:00:00,Vijayawada,29.2,73.0,2.41,215.0,0.0,synthetic-dataset
2026-09-19 11:00:00,Vijayawada,30.1,65.0,1.33,223.0,0.0,synthetic-dataset
2026-09-19 12:00:00,Vijayawada,31.1,67.0,2.31,215.0,0.0,synthetic-dataset
2026-09-19 13:00:00,Vijayawada,32.6,60.0,3.43,222.0,0.0,synthetic-dataset
2026-09-19 14:00:00,Vijayawada,30.4,60.0,4.01,217.0,0.0,synthetic-dataset
2026-09-19 15:00:00,Vijayawada,31.6,57.0,4.27,223.0,0.0,synthetic-dataset
2026-09-19 16:00:00,Vijayawada,32.3,62.0,3.2,208.0,0.0,synthetic-dataset
2026-09-19 17:00:00,Vijayawada,30.4,66.0,4.4,213.0,0.0,synthetic-dataset
2026-09-19 18:00:00,Vijayawada,31.9,63.0,4.95,198.0,0.0,synthetic-dataset
2026-09-19 19:00:00,Vijayawada,30.3,65.0,3.73,193.0,0.0,synthetic-dataset
2026-09-19 20:00:00,Vijayawada,29.6,66.0,4.6,220.0,0.0,synthetic-dataset
2026-09-19 21:00:00,Vijayawada,27.6,71.0,4.7,201.0,0.0,synthetic-dataset
2026-09-19 22:00:00,Vijayawada,27.5,70.0,4.29,207.0,0.0,synthetic-dataset
2026-09-19 23:00:00,Vijayawada,26.7,75.0,3.32,198.0,0.0,synthetic-dataset
2026-09-20 00:00:00,Vijayawada,25.3,81.0,3.84,189.0,0.0,synthetic-dataset
2026-09-20 01:00:00,Vijayawada,24.7,86.0,3.55,196.0,0.0,synthetic-dataset
2026-09-20 02:00:00,Vijayawada,24.3,92.0,3.33,213.0,0.0,synthetic-dataset
2026-09-20 03:00:00,Vijayawada,23.4,82.0,2.81,202.0,0.0,synthetic-dataset
2026-09-20 04:00:00,Vijayawada,24.0,88.0,2.58,175.0,0.0,synthetic-dataset
2026-09-20 05:00:00,Vijayawada,24.4,83.0,2.53,192.0,0.0,synthetic-dataset
2026-09-20 06:00:00,Vijayawada,25.4,80.0,2.58,216.0,0.0,synthetic-dataset
2026-09-20 07:00:00,Vijayawada,26.7,79.0,2.09,193.0,0.0,synthetic-dataset
2026-09-20 08:00:00,Vijayawada,26.2,75.0,2.0,174.0,0.0,synthetic-dataset
2026-09-20 09:00:00,Vijayawada,27.9,72.0,2.29,219.0,0.0,synthetic-dataset
2026-09-20 10:00:00,Vijayawada,30.1,68.0,1.4,205.0,0.0,synthetic-dataset
2026-09-20 11:00:00,Vijayawada,29.5,62.0,2.79,196.0,0.0,synthetic-dataset
2026-09-20 12:00:00,Vijayawada,30.3,59.0,2.8,193.0,0.0,synthetic-dataset
2026-09-20 13:00:00,Vijayawada,31.6,64.0,3.11,211.0,0.0,synthetic-dataset
2026-09-20 14:00:00,Vijayawada,32.5,60.0,3.88,193.0,0.0,synthetic-dataset
2026-09-20 15:00:00,Vijayawada,32.0,58.0,2.73,214.0,0.0,synthetic-dataset
2026-09-20 16:00:00,Vijayawada,32.8,60.0,3.01,208.0,0.0,synthetic-dataset
2026-09-20 17:00:00,Vijayawada,32.1,64.0,4.39,205.0,0.0,synthetic-dataset
2026-09-20 18:00:00,Vijayawada,31.4,64.0,4.44,205.0,0.0,synthetic-dataset
2026-09-20 19:00:00,Vijayawada,30.4,64.0,4.64,203.0,0.0,synthetic-dataset
2026-09-20 20:00:00,Vijayawada,30.7,73.0,4.37,219.0,0.0,synthetic-dataset
2026-09-20 21:00:00,Vijayawada,27.9,77.0,4.89,197.0,0.0,synthetic-dataset
2026-09-20 22:00:00,Vijayawada,25.6,77.0,4.91,189.0,0.0,synthetic-dataset
2026-09-20 23:00:00,Vijayawada,27.1,81.0,4.49,218.0,0.0,synthetic-dataset
2026-09-21 00:00:00,Vijayawada,24.9,84.0,3.87,220.0,0.0,synthetic-dataset
2026-09-21 01:00:00,Vijayawada,24.6,86.0,2.66,219.0,0.0,synthetic-dataset
2026-09-21 02:00:00,Vijayawada,25.1,85.0,3.78,220.0,0.0,synthetic-dataset
2026-09-21 03:00:00,Vijayawada,22.9,86.0,3.7,213.0,0.0,synthetic-dataset
2026-09-21 04:00:00,Vijayawada,23.3,85.0,3.12,228.0,0.0,synthetic-dataset
2026-09-21 05:00:00,Vijayawada,23.4,79.0,2.11,219.0,0.0,synthetic-dataset
2026-09-21 06:00:00,Vijayawada,24.6,83.0,2.7,216.0,0.0,synthetic-dataset
2026-09-21 07:00:00,Vijayawada,26.3,74.0,2.67,220.0,0.0,synthetic-dataset
2026-09-21 08:00:00,Vijayawada,27.3,73.0,2.98,249.0,0.0,synthetic-dataset
2026-09-21 09:00:00,Vijayawada,28.2,76.0,1.8,206.0,0.0,synthetic-dataset
2026-09-21 10:00:00,Vijayawada,28.0,71.0,2.25,234.0,0.0,synthetic-dataset
2026-09-21 11:00:00,Vijayawada,28.4,70.0,2.93,209.0,0.0,synthetic-dataset
2026-09-21 12:00:00,Vijayawada,30.9,63.0,2.83,230.0,0.0,synthetic-dataset
2026-09-21 13:00:00,Vijayawada,31.1,58.0,2.53,227.0,0.0,synthetic-dataset
2026-09-21 14:00:00,Vijayawada,32.2,60.0,3.61,209.0,0.0,synthetic-dataset
2026-09-21 15:00:00,Vijayawada,32.5,60.0,4.0,240.0,0.0,synthetic-dataset
2026-09-21 16:00:00,Vijayawada,32.0,61.0,4.04,232.0,0.0,synthetic-dataset
2026-09-21 17:00:00,Vijayawada,32.0,65.0,4.36,212.0,0.0,synthetic-dataset
2026-09-21 18:00:00,Vijayawada,31.0,62.0,4.31,249.0,0.0,synthetic-dataset
2026-09-21 19:00:00,Vijayawada,30.4,67.0,5.3,257.0,0.0,synthetic-dataset
2026-09-21 20:00:00,Vijayawada,28.5,66.0,4.15,259.0,0.0,synthetic-dataset
2026-09-21 21:00:00,Vijayawada,27.9,73.0,4.27,246.0,0.0,synthetic-dataset
2026-09-21 22:00:00,Vijayawada,27.1,75.0,4.44,243.0,0.0,synthetic-dataset
2026-09-21 23:00:00,Vijayawada,26.6,76.0,4.69,259.0,0.0,synthetic-dataset
2026-09-22 00:00:00,Vijayawada,24.9,80.0,3.25,264.0,0.0,synthetic-dataset
2026-09-22 01:00:00,Vijayawada,24.9,82.0,3.06,258.0,0.0,synthetic-dataset
2026-09-22 02:00:00,Vijayawada,24.0,83.0,2.38,233.0,0.0,synthetic-dataset
2026-09-22 03:00:00,Vijayawada,23.9,89.0,3.11,247.0,0.0,synthetic-dataset
2026-09-22 04:00:00,Vijayawada,24.7,83.0,2.24,250.0,0.0,synthetic-dataset
2026-09-22 05:00:00,Vijayawada,23.1,82.0,2.36,223.0,0.0,synthetic-dataset
2026-09-22 06:00:00,Vijayawada,24.3,74.0,2.69,251.0,0.0,synthetic-dataset
2026-09-22 07:00:00,Vijayawada,25.0,75.0,1.92,272.0,0.0,synthetic-dataset
2026-09-22 08:00:00,Vijayawada,25.3,74.0,2.32,252.0,0.0,synthetic-dataset
2026-09-22 09:00:00,Vijayawada,27.5,70.0,2.09,262.0,0.0,synthetic-dataset
2026-09-22 10:00:00,Vijayawada,29.6,73.0,2.7,246.0,0.0,synthetic-dataset
2026-09-22 11:00:00,Vijayawada,29.8,66.0,2.79,242.0,0.0,synthetic-dataset
2026-09-22 12:00:00,Vijayawada,31.0,67.0,2.45,247.0,0.0,synthetic-dataset
2026-09-22 13:00:00,Vijayawada,32.2,62.0,3.01,232.0,0.0,synthetic-dataset
2026-09-22 14:00:00,Vijayawada,32.8,61.0,3.92,229.0,0.0,synthetic-dataset
2026-09-22 15:00:00,Vijayawada,32.0,60.0,3.91,255.0,0.0,synthetic-dataset
2026-09-22 16:00:00,Vijayawada,32.8,60.0,3.3,255.0,0.0,synthetic-dataset
2026-09-22 17:00:00,Vijayawada,31.5,67.0,4.58,226.0,0.0,synthetic-dataset
2026-09-22 18:00:00,Vijayawada,30.2,57.0,3.9,248.0,0.0,synthetic-dataset
2026-09-22 19:00:00,Vijayawada,29.6,60.0,5.27,234.0,0.0,synthetic-dataset
2026-09-22 20:00:00,Vijayawada,28.0,67.0,5.11,238.0,0.0,synthetic-dataset
2026-09-22 21:00:00,Vijayawada,27.4,72.0,4.7,238.0,0.0,synthetic-dataset
2026-09-22 22:00:00,Vijayawada,26.7,77.0,4.52,243.0,0.0,synthetic-dataset
2026-09-22 23:00:00,Vijayawada,26.6,79.0,4.14,231.0,0.0,synthetic-dataset
2026-09-23 00:00:00,Vijayawada,26.4,79.0,4.34,245.0,0.0,synthetic-dataset
2026-09-23 01:00:00,Vijayawada,23.6,85.0,3.53,230.0,0.0,synthetic-dataset
2026-09-23 02:00:00,Vijayawada,24.4,87.0,3.52,232.0,0.0,synthetic-dataset
2026-09-23 03:00:00,Vijayawada,23.3,85.0,3.53,213.0,0.0,synthetic-dataset
2026-09-23 04:00:00,Vijayawada,24.5,86.0,2.52,248.0,0.0,synthetic-dataset
2026-09-23 05:00:00,Vijayawada,24.4,83.0,2.24,226.0,0.0,synthetic-dataset
2026-09-23 06:00:00,Vijayawada,23.9,79.0,1.76,227.0,0.0,synthetic-dataset
2026-09-23 07:00:00,Vijayawada,26.6,80.0,1.71,197.0,0.0,synthetic-dataset
2026-09-23 08:00:00,Vijayawada,26.5,75.0,1.29,205.0,0.0,synthetic-dataset
2026-09-23 09:00:00,Vijayawada,27.6,72.0,2.61,228.0,0.0,synthetic-dataset
2026-09-23 10:00:00,Vijayawada,28.3,73.0,3.27,215.0,0.0,synthetic-dataset
2026-09-23 11:00:00,Vijayawada,29.5,59.0,3.26,187.0,0.0,synthetic-dataset
2026-09-23 12:00:00,Vijayawada,31.1,59.0,1.99,221.0,0.0,synthetic-dataset
2026-09-23 13:00:00,Vijayawada,31.3,58.0,3.45,201.0,0.0,synthetic-dataset
2026-09-23 14:00:00,Vijayawada,32.1,59.0,4.11,223.0,0.0,synthetic-dataset
2026-09-23 15:00:00,Vijayawada,32.3,59.0,3.48,204.0,0.0,synthetic-dataset
2026-09-23 16:00:00,Vijayawada,32.8,56.0,4.05,206.0,0.0,synthetic-dataset
2026-09-23 17:00:00,Vijayawada,31.2,59.0,3.24,216.0,0.0,synthetic-dataset
2026-09-23 18:00:00,Vijayawada,29.8,61.0,4.57,190.0,0.0,synthetic-dataset
2026-09-23 19:00:00,Vijayawada,30.7,73.0,4.03,188.0,0.0,synthetic-dataset
2026-09-23 20:00:00,Vijayawada,28.8,74.0,4.7,197.0,0.0,synthetic-dataset
2026-09-23 21:00:00,Vijayawada,28.8,71.0,3.78,208.0,0.0,synthetic-dataset
2026-09-23 22:00:00,Vijayawada,27.2,74.0,4.71,182.0,0.0,synthetic-dataset
2026-09-23 23:00:00,Vijayawada,25.9,75.0,4.76,177.0,0.0,synthetic-dataset
2026-09-24 00:00:00,Vijayawada,25.4,75.0,3.61,206.0,0.0,synthetic-dataset
2026-09-24 01:00:00,Vijayawada,25.9,82.0,3.14,189.0,0.0,synthetic-dataset
2026-09-24 02:00:00,Vijayawada,25.6,81.0,2.32,191.0,0.0,synthetic-dataset
2026-09-24 03:00:00,Vijayawada,24.0,84.0,2.96,173.0,0.0,synthetic-dataset
2026-09-24 04:00:00,Vijayawada,24.2,79.0,2.51,187.0,0.0,synthetic-dataset
2026-09-24 05:00:00,Vijayawada,25.3,80.0,1.78,195.0,0.0,synthetic-dataset
2026-09-24 06:00:00,Vijayawada,24.6,81.0,2.59,206.0,0.0,synthetic-dataset
2026-09-24 07:00:00,Vijayawada,26.2,79.0,2.02,186.0,0.0,synthetic-dataset
2026-09-24 08:00:00,Vijayawada,26.9,76.0,1.66,215.0,0.0,synthetic-dataset
2026-09-24 09:00:00,Vijayawada,28.2,68.0,1.96,188.0,0.0,synthetic-dataset
2026-09-24 10:00:00,Vijayawada,28.5,71.0,2.9,188.0,0.0,synthetic-dataset
2026-09-24 11:00:00,Vijayawada,28.9,64.0,2.85,215.0,0.0,synthetic-dataset
2026-09-24 12:00:00,Vijayawada,29.4,65.0,2.73,200.0,0.0,synthetic-dataset
2026-09-24 13:00:00,Vijayawada,30.7,62.0,3.4,192.0,0.0,synthetic-dataset
2026-09-24 14:00:00,Vijayawada,31.5,56.0,2.82,197.0,0.0,synthetic-dataset
2026-09-24 15:00:00,Vijayawada,31.8,59.0,3.73,216.0,0.0,synthetic-dataset
2026-09-24 16:00:00,Vijayawada,33.2,62.0,4.07,219.0,0.0,synthetic-dataset
2026-09-24 17:00:00,Vijayawada,32.2,63.0,4.01,193.0,0.0,synthetic-dataset
2026-09-24 18:00:00,Vijayawada,30.2,63.0,4.66,203.0,0.0,synthetic-dataset
2026-09-24 19:00:00,Vijayawada,30.2,71.0,4.17,206.0,0.0,synthetic-dataset
2026-09-24 20:00:00,Vijayawada,28.8,72.0,4.85,194.0,0.0,synthetic-dataset
2026-09-24 21:00:00,Vijayawada,27.8,71.0,4.84,207.0,0.0,synthetic-dataset
2026-09-24 22:00:00,Vijayawada,27.1,77.0,2.98,209.0,0.0,synthetic-dataset
2026-09-24 23:00:00,Vijayawada,26.4,84.0,4.84,224.0,0.0,synthetic-dataset
2026-09-25 00:00:00,Vijayawada,24.9,86.0,2.48,226.0,0.0,synthetic-dataset
2026-09-25 01:00:00,Vijayawada,25.3,79.0,3.4,210.0,0.0,synthetic-dataset
2026-09-25 02:00:00,Vijayawada,23.3,81.0,3.91,213.0,0.0,synthetic-dataset
2026-09-25 03:00:00,Vijayawada,24.0,88.0,2.93,225.0,0.0,synthetic-dataset
2026-09-25 04:00:00,Vijayawada,26.0,80.0,2.07,211.0,0.0,synthetic-dataset
2026-09-25 05:00:00,Vijayawada,24.7,78.0,2.0,227.0,0.0,synthetic-dataset
2026-09-25 06:00:00,Vijayawada,26.2,79.0,2.87,221.0,0.0,synthetic-dataset
2026-09-25 07:00:00,Vijayawada,26.1,79.0,1.28,212.0,0.0,synthetic-dataset
2026-09-25 08:00:00,Vijayawada,27.4,75.0,2.76,213.0,0.0,synthetic-dataset
2026-09-25 09:00:00,Vijayawada,28.0,70.0,2.21,244.0,0.0,synthetic-dataset
2026-09-25 10:00:00,Vijayawada,28.9,67.0,1.76,226.0,0.0,synthetic-dataset
2026-09-25 11:00:00,Vijayawada,29.5,64.0,2.26,249.0,0.0,synthetic-dataset
2026-09-25 12:00:00,Vijayawada,31.1,61.0,2.29,225.0,0.0,synthetic-dataset
2026-09-25 13:00:00,Vijayawada,30.9,68.0,3.52,236.0,0.0,synthetic-dataset
2026-09-25 14:00:00,Vijayawada,32.3,61.0,3.77,263.0,0.0,synthetic-dataset
2026-09-25 15:00:00,Vijayawada,32.8,63.0,2.85,223.0,0.0,synthetic-dataset
2026-09-25 16:00:00,Vijayawada,32.1,59.0,3.8,214.0,0.0,synthetic-dataset
2026-09-25 17:00:00,Vijayawada,31.3,61.0,3.82,253.0,0.0,synthetic-dataset
2026-09-25 18:00:00,Vijayawada,31.1,61.0,5.09,229.0,0.0,synthetic-dataset
2026-09-25 19:00:00,Vijayawada,29.8,58.0,3.88,240.0,0.0,synthetic-dataset
2026-09-25 20:00:00,Vijayawada,29.7,65.0,5.4,234.0,0.0,synthetic-dataset
2026-09-25 21:00:00,Vijayawada,26.7,67.0,4.54,245.0,0.0,synthetic-dataset
2026-09-25 22:00:00,Vijayawada,26.7,68.0,3.86,231.0,0.0,synthetic-dataset
2026-09-25 23:00:00,Vijayawada,24.6,74.0,3.91,241.0,0.0,synthetic-dataset
2026-09-26 00:00:00,Vijayawada,24.1,84.0,3.6,249.0,0.0,synthetic-dataset
2026-09-26 01:00:00,Vijayawada,25.5,82.0,3.07,232.0,1.5,synthetic-dataset
2026-09-26 02:00:00,Vijayawada,24.8,87.0,3.45,236.0,1.5,synthetic-dataset
2026-09-26 03:00:00,Vijayawada,23.5,85.0,2.48,241.0,1.5,synthetic-dataset
2026-09-26 04:00:00,Vijayawada,23.1,86.0,1.71,228.0,1.5,synthetic-dataset
2026-09-26 05:00:00,Vijayawada,22.5,80.0,2.36,240.0,0.0,synthetic-dataset
2026-09-26 06:00:00,Vijayawada,24.8,82.0,1.46,246.0,0.0,synthetic-dataset
2026-09-26 07:00:00,Vijayawada,27.7,80.0,1.86,240.0,0.0,synthetic-dataset
2026-09-26 08:00:00,Vijayawada,27.3,73.0,1.75,241.0,0.0,synthetic-dataset
2026-09-26 09:00:00,Vijayawada,27.6,74.0,1.81,244.0,0.0,synthetic-dataset
2026-09-26 10:00:00,Vijayawada,29.4,71.0,3.36,236.0,0.0,synthetic-dataset
2026-09-26 11:00:00,Vijayawada,28.9,64.0,2.58,251.0,0.0,synthetic-dataset
2026-09-26 12:00:00,Vijayawada,30.6,60.0,2.92,260.0,0.0,synthetic-dataset
2026-09-26 13:00:00,Vijayawada,31.5,58.0,2.2,236.0,0.0,synthetic-dataset
2026-09-26 14:00:00,Vijayawada,31.8,61.0,3.07,247.0,0.0,synthetic-dataset
2026-09-26 15:00:00,Vijayawada,32.6,61.0,3.82,237.0,0.0,synthetic-dataset
2026-09-26 16:00:00,Vijayawada,32.1,58.0,3.49,243.0,0.0,synthetic-dataset
2026-09-26 17:00:00,Vijayawada,31.9,62.0,4.7,256.0,0.0,synthetic-dataset
2026-09-26 18:00:00,Vijayawada,30.3,65.0,3.84,243.0,0.0,synthetic-dataset
2026-09-26 19:00:00,Vijayawada,30.6,68.0,4.42,214.0,0.0,synthetic-dataset
2026-09-26 20:00:00,Vijayawada,30.2,74.0,4.31,239.0,0.0,synthetic-dataset
2026-09-26 21:00:00,Vijayawada,27.3,76.0,4.64,247.0,0.0,synthetic-dataset
2026-09-26 22:00:00,Vijayawada,26.3,72.0,4.12,228.0,0.0,synthetic-dataset
2026-09-26 23:00:00,Vijayawada,26.9,83.0,4.11,242.0,0.0,synthetic-dataset
2026-09-27 00:00:00,Vijayawada,25.0,79.0,3.88,220.0,0.0,synthetic-dataset
2026-09-27 01:00:00,Vijayawada,25.5,86.0,3.34,209.0,0.0,synthetic-dataset
2026-09-27 02:00:00,Vijayawada,23.8,84.0,3.64,227.0,0.0,synthetic-dataset
2026-09-27 03:00:00,Vijayawada,25.0,83.0,3.21,202.0,0.0,synthetic-dataset
2026-09-27 04:00:00,Vijayawada,24.2,78.0,2.76,219.0,0.0,synthetic-dataset
2026-09-27 05:00:00,Vijayawada,24.7,82.0,2.34,235.0,0.0,synthetic-dataset
2026-09-27 06:00:00,Vijayawada,26.3,76.0,2.76,195.0,0.0,synthetic-dataset
2026-09-27 07:00:00,Vijayawada,25.7,81.0,2.12,201.0,0.0,synthetic-dataset
2026-09-27 08:00:00,Vijayawada,26.3,80.0,2.05,203.0,0.0,synthetic-dataset
2026-09-27 09:00:00,Vijayawada,27.7,70.0,2.29,213.0,0.0,synthetic-dataset
2026-09-27 10:00:00,Vijayawada,29.4,70.0,3.21,208.0,0.0,synthetic-dataset
2026-09-27 11:00:00,Vijayawada,28.9,64.0,1.88,227.0,0.0,synthetic-dataset
2026-09-27 12:00:00,Vijayawada,31.3,62.0,3.18,220.0,0.0,synthetic-dataset
2026-09-27 13:00:00,Vijayawada,31.1,64.0,2.14,213.0,0.0,synthetic-dataset
2026-09-27 14:00:00,Vijayawada,32.7,60.0,3.51,208.0,0.0,synthetic-dataset
2026-09-27 15:00:00,Vijayawada,30.3,65.0,4.5,209.0,0.0,synthetic-dataset
2026-09-27 16:00:00,Vijayawada,31.3,59.0,4.24,193.0,0.0,synthetic-dataset
2026-09-27 17:00:00,Vijayawada,30.3,65.0,4.33,213.0,0.0,synthetic-dataset
2026-09-27 18:00:00,Vijayawada,30.3,64.0,4.16,188.0,0.0,synthetic-dataset
2026-09-27 19:00:00,Vijayawada,30.2,68.0,4.57,210.0,0.0,synthetic-dataset
2026-09-27 20:00:00,Vijayawada,28.9,68.0,4.47,213.0,0.0,synthetic-dataset
2026-09-27 21:00:00,Vijayawada,27.8,72.0,4.17,201.0,0.0,synthetic-dataset
2026-09-27 22:00:00,Vijayawada,26.9,75.0,4.29,195.0,0.0,synthetic-dataset
2026-09-27 23:00:00,Vijayawada,26.1,75.0,4.35,202.0,0.0,synthetic-dataset
2026-09-28 00:00:00,Vijayawada,24.5,82.0,3.62,162.0,0.0,synthetic-dataset
2026-09-28 01:00:00,Vijayawada,25.0,84.0,3.31,199.0,0.0,synthetic-dataset
2026-09-28 02:00:00,Vijayawada,24.6,85.0,2.72,194.0,0.0,synthetic-dataset
2026-09-28 03:00:00,Vijayawada,24.3,89.0,3.28,195.0,0.0,synthetic-dataset
2026-09-28 04:00:00,Vijayawada,24.5,88.0,3.07,204.0,0.0,synthetic-dataset
2026-09-28 05:00:00,Vijayawada,24.7,81.0,2.67,194.0,0.0,synthetic-dataset
2026-09-28 06:00:00,Vijayawada,26.6,82.0,2.84,181.0,0.0,synthetic-dataset
2026-09-28 07:00:00,Vijayawada,25.9,76.0,2.28,194.0,0.0,synthetic-dataset
2026-09-28 08:00:00,Vijayawada,26.7,75.0,2.4,196.0,0.0,synthetic-dataset
2026-09-28 09:00:00,Vijayawada,27.5,70.0,2.39,197.0,0.0,synthetic-dataset
2026-09-28 10:00:00,Vijayawada,28.3,74.0,2.31,198.0,0.0,synthetic-dataset
2026-09-28 11:00:00,Vijayawada,29.1,67.0,2.29,209.0,0.0,synthetic-dataset
2026-09-28 12:00:00,Vijayawada,30.2,63.0,3.91,185.0,0.0,synthetic-dataset
2026-09-28 13:00:00,Vijayawada,31.4,65.0,2.86,200.0,0.0,synthetic-dataset
2026-09-28 14:00:00,Vijayawada,32.1,54.0,3.07,215.0,0.0,synthetic-dataset
2026-09-28 15:00:00,Vijayawada,32.0,54.0,3.93,179.0,0.0,synthetic-dataset
2026-09-28 16:00:00,Vijayawada,31.3,63.0,4.13,203.0,0.0,synthetic-dataset
2026-09-28 17:00:00,Vijayawada,32.1,62.0,3.55,195.0,0.0,synthetic-dataset
2026-09-28 18:00:00,Vijayawada,31.3,64.0,5.0,199.0,0.0,synthetic-dataset
2026-09-28 19:00:00,Vijayawada,29.9,62.0,4.51,194.0,0.0,synthetic-dataset
2026-09-28 20:00:00,Vijayawada,28.6,69.0,4.04,204.0,0.0,synthetic-dataset
2026-09-28 21:00:00,Vijayawada,28.4,78.0,5.15,230.0,0.0,synthetic-dataset
2026-09-28 22:00:00,Vijayawada,27.1,78.0,4.75,194.0,0.0,synthetic-dataset
2026-09-28 23:00:00,Vijayawada,25.0,79.0,3.62,196.0,0.0,synthetic-dataset
2026-09-29 00:00:00,Vijayawada,25.1,79.0,4.89,196.0,0.0,synthetic-dataset
2026-09-29 01:00:00,Vijayawada,24.7,81.0,4.04,234.0,0.0,synthetic-dataset
2026-09-29 02:00:00,Vijayawada,23.5,77.0,3.39,210.0,0.0,synthetic-dataset
2026-09-29 03:00:00,Vijayawada,24.1,85.0,3.88,216.0,0.0,synthetic-dataset
2026-09-29 04:00:00,Vijayawada,23.1,86.0,2.88,214.0,0.0,synthetic-dataset
2026-09-29 05:00:00,Vijayawada,25.5,78.0,2.54,209.0,0.0,synthetic-dataset
2026-09-29 06:00:00,Vijayawada,26.0,79.0,2.03,219.0,0.0,synthetic-dataset
2026-09-29 07:00:00,Vijayawada,25.8,75.0,2.53,253.0,0.0,synthetic-dataset
2026-09-29 08:00:00,Vijayawada,27.2,72.0,2.44,242.0,0.0,synthetic-dataset
2026-09-29 09:00:00,Vijayawada,26.3,72.0,2.25,216.0,0.0,synthetic-dataset
2026-09-29 10:00:00,Vijayawada,28.2,63.0,1.97,236.0,0.0,synthetic-dataset
2026-09-29 11:00:00,Vijayawada,29.8,68.0,2.62,220.0,0.0,synthetic-dataset
2026-09-29 12:00:00,Vijayawada,30.1,66.0,2.77,210.0,0.0,synthetic-dataset
2026-09-29 13:00:00,Vijayawada,32.0,61.0,2.42,245.0,0.0,synthetic-dataset
2026-09-29 14:00:00,Vijayawada,33.3,53.0,2.66,248.0,0.0,synthetic-dataset
2026-09-29 15:00:00,Vijayawada,31.2,57.0,3.99,248.0,0.0,synthetic-dataset
2026-09-29 16:00:00,Vijayawada,31.3,64.0,2.7,231.0,0.0,synthetic-dataset
2026-09-29 17:00:00,Vijayawada,31.6,53.0,4.35,236.0,0.0,synthetic-dataset
2026-09-29 18:00:00,Vijayawada,32.0,62.0,4.2,248.0,0.0,synthetic-dataset
2026-09-29 19:00:00,Vijayawada,29.1,62.0,5.21,245.0,0.0,synthetic-dataset
2026-09-29 20:00:00,Vijayawada,29.2,71.0,4.35,236.0,0.0,synthetic-dataset
2026-09-29 21:00:00,Vijayawada,29.3,70.0,4.89,222.0,0.0,synthetic-dataset
2026-09-29 22:00:00,Vijayawada,25.8,76.0,4.24,244.0,0.0,synthetic-dataset
2026-09-29 23:00:00,Vijayawada,25.1,80.0,4.31,256.0,0.0,synthetic-dataset
2026-09-30 00:00:00,Vijayawada,24.9,86.0,4.37,229.0,0.0,synthetic-dataset
2026-09-30 01:00:00,Vijayawada,24.2,82.0,3.48,252.0,0.0,synthetic-dataset
2026-09-30 02:00:00,Vijayawada,24.7,85.0,3.9,248.0,0.0,synthetic-dataset
2026-09-30 03:00:00,Vijayawada,24.2,80.0,2.59,254.0,0.0,synthetic-dataset
2026-09-30 04:00:00,Vijayawada,22.9,87.0,2.95,255.0,0.0,synthetic-dataset
2026-09-30 05:00:00,Vijayawada,24.9,80.0,3.01,237.0,0.0,synthetic-dataset
2026-09-30 06:00:00,Vijayawada,24.8,79.0,2.69,226.0,0.0,synthetic-dataset
2026-09-30 07:00:00,Vijayawada,26.9,78.0,3.2,238.0,0.0,synthetic-dataset
2026-09-30 08:00:00,Vijayawada,26.5,70.0,1.82,255.0,0.0,synthetic-dataset
2026-09-30 09:00:00,Vijayawada,27.6,73.0,1.55,238.0,0.0,synthetic-dataset
2026-09-30 10:00:00,Vijayawada,29.4,72.0,1.86,235.0,0.0,synthetic-dataset
2026-09-30 11:00:00,Vijayawada,30.5,67.0,2.88,221.0,0.0,synthetic-dataset
2026-09-30 12:00:00,Vijayawada,31.1,59.0,3.05,263.0,0.0,synthetic-dataset
2026-09-30 13:00:00,Vijayawada,30.3,61.0,3.14,252.0,0.0,synthetic-dataset
2026-09-30 14:00:00,Vijayawada,32.2,63.0,2.84,250.0,0.0,synthetic-dataset
2026-09-30 15:00:00,Vijayawada,31.3,54.0,4.09,251.0,0.0,synthetic-dataset
2026-09-30 16:00:00,Vijayawada,32.0,57.0,3.39,246.0,0.0,synthetic-dataset
2026-09-30 17:00:00,Vijayawada,30.5,64.0,4.83,235.0,0.0,synthetic-dataset
2026-09-30 18:00:00,Vijayawada,31.1,64.0,5.87,235.0,0.0,synthetic-dataset
2026-09-30 19:00:00,Vijayawada,29.4,67.0,4.74,230.0,0.0,synthetic-dataset
2026-09-30 20:00:00,Vijayawada,28.1,74.0,4.89,266.0,0.0,synthetic-dataset
2026-09-30 21:00:00,Vijayawada,28.5,73.0,4.31,239.0,0.0,synthetic-dataset
2026-09-30 22:00:00,Vijayawada,27.1,77.0,3.53,225.0,0.0,synthetic-dataset
2026-09-30 23:00:00,Vijayawada,25.6,86.0,3.95,235.0,0.0,synthetic-dataset
2026-10-01 00:00:00,Vijayawada,26.2,80.0,3.45,216.0,0.0,synthetic-dataset
2026-10-01 01:00:00,Vijayawada,24.2,80.0,2.99,245.0,0.0,synthetic-dataset
2026-10-01 02:00:00,Vijayawada,24.2,85.0,4.26,217.0,0.0,synthetic-dataset
2026-10-01 03:00:00,Vijayawada,24.2,85.0,3.23,229.0,0.0,synthetic-dataset
2026-10-01 04:00:00,Vijayawada,23.7,82.0,2.99,234.0,0.0,synthetic-dataset
2026-10-01 05:00:00,Vijayawada,24.9,79.0,2.4,225.0,0.0,synthetic-dataset
2026-10-01 06:00:00,Vijayawada,24.8,87.0,2.27,219.0,0.0,synthetic-dataset
2026-10-01 07:00:00,Vijayawada,25.7,79.0,2.72,217.0,0.0,synthetic-dataset
2026-10-01 08:00:00,Vijayawada,27.9,73.0,2.18,214.0,0.0,synthetic-dataset
2026-10-01 09:00:00,Vijayawada,27.3,75.0,2.51,207.0,0.0,synthetic-dataset
2026-10-01 10:00:00,Vijayawada,27.3,69.0,2.26,207.0,0.0,synthetic-dataset
2026-10-01 11:00:00,Vijayawada,31.1,65.0,2.38,228.0,0.0,synthetic-dataset
2026-10-01 12:00:00,Vijayawada,32.6,65.0,2.1,208.0,0.0,synthetic-dataset
2026-10-01 13:00:00,Vijayawada,31.2,58.0,2.1,198.0,0.0,synthetic-dataset
2026-10-01 14:00:00,Vijayawada,30.5,61.0,3.27,200.0,0.0,synthetic-dataset
2026-10-01 15:00:00,Vijayawada,31.8,66.0,3.74,218.0,0.0,synthetic-dataset
2026-10-01 16:00:00,Vijayawada,31.7,62.0,3.36,212.0,0.0,synthetic-dataset
2026-10-01 17:00:00,Vijayawada,31.3,60.0,4.23,209.0,0.0,synthetic-dataset
2026-10-01 18:00:00,Vijayawada,30.0,62.0,4.47,198.0,0.0,synthetic-dataset
2026-10-01 19:00:00,Vijayawada,30.4,65.0,3.48,207.0,0.0,synthetic-dataset
2026-10-01 20:00:00,Vijayawada,29.4,68.0,4.14,191.0,0.0,synthetic-dataset
2026-10-01 21:00:00,Vijayawada,27.0,71.0,4.76,195.0,0.0,synthetic-dataset
2026-10-01 22:00:00,Vijayawada,27.5,78.0,4.63,209.0,0.0,synthetic-dataset
2026-10-01 23:00:00,Vijayawada,27.4,73.0,3.67,207.0,0.0,synthetic-dataset
2026-10-02 00:00:00,Vijayawada,25.3,83.0,4.08,185.0,0.0,synthetic-dataset
2026-10-02 01:00:00,Vijayawada,24.3,81.0,4.22,186.0,0.0,synthetic-dataset
2026-10-02 02:00:00,Vijayawada,24.0,85.0,3.79,197.0,0.0,synthetic-dataset
2026-10-02 03:00:00,Vijayawada,24.4,81.0,3.04,216.0,0.0,synthetic-dataset
2026-10-02 04:00:00,Vijayawada,22.9,88.0,2.57,172.0,0.0,synthetic-dataset
2026-10-02 05:00:00,Vijayawada,24.7,86.0,2.24,198.0,0.0,synthetic-dataset
2026-10-02 06:00:00,Vijayawada,24.9,83.0,2.59,179.0,0.0,synthetic-dataset
2026-10-02 07:00:00,Vijayawada,27.3,73.0,2.34,188.0,0.0,synthetic-dataset
2026-10-02 08:00:00,Vijayawada,26.8,78.0,2.51,191.0,0.0,synthetic-dataset
2026-10-02 09:00:00,Vijayawada,29.2,73.0,2.31,191.0,0.0,synthetic-dataset
2026-10-02 10:00:00,Vijayawada,28.3,64.0,2.77,190.0,0.0,synthetic-dataset
2026-10-02 11:00:00,Vijayawada,30.4,66.0,2.6,197.0,0.0,synthetic-dataset
2026-10-02 12:00:00,Vijayawada,31.1,65.0,3.19,191.0,0.0,synthetic-dataset
2026-10-02 13:00:00,Vijayawada,30.9,63.0,3.52,181.0,0.0,synthetic-dataset
2026-10-02 14:00:00,Vijayawada,32.0,61.0,3.0,209.0,0.0,synthetic-dataset
2026-10-02 15:00:00,Vijayawada,32.8,61.0,2.81,209.0,0.0,synthetic-dataset
2026-10-02 16:00:00,Vijayawada,31.6,65.0,4.77,211.0,0.0,synthetic-dataset
2026-10-02 17:00:00,Vijayawada,30.3,65.0,4.38,184.0,0.0,synthetic-dataset
2026-10-02 18:00:00,Vijayawada,30.8,55.0,3.58,207.0,0.0,synthetic-dataset
2026-10-02 19:00:00,Vijayawada,29.4,65.0,4.2,213.0,0.0,synthetic-dataset
2026-10-02 20:00:00,Vijayawada,28.8,68.0,4.99,194.0,0.0,synthetic-dataset
2026-10-02 21:00:00,Vijayawada,27.9,67.0,4.42,208.0,0.0,synthetic-dataset
2026-10-02 22:00:00,Vijayawada,25.8,75.0,4.18,208.0,0.0,synthetic-dataset
2026-10-02 23:00:00,Vijayawada,24.9,82.0,4.95,233.0,0.0,synthetic-dataset
2026-10-03 00:00:00,Vijayawada,25.5,77.0,3.48,235.0,0.0,synthetic-dataset
2026-10-03 01:00:00,Vijayawada,24.2,83.0,3.31,194.0,0.0,synthetic-dataset
2026-10-03 02:00:00,Vijayawada,22.3,81.0,3.51,245.0,0.0,synthetic-dataset
2026-10-03 03:00:00,Vijayawada,24.5,82.0,3.28,206.0,0.0,synthetic-dataset
2026-10-03 04:00:00,Vijayawada,24.3,88.0,3.05,230.0,0.0,synthetic-dataset
2026-10-03 05:00:00,Vijayawada,24.0,81.0,3.01,232.0,0.0,synthetic-dataset
2026-10-03 06:00:00,Vijayawada,24.2,82.0,2.46,210.0,0.0,synthetic-dataset
2026-10-03 07:00:00,Vijayawada,26.6,72.0,2.49,229.0,0.0,synthetic-dataset
2026-10-03 08:00:00,Vijayawada,27.2,81.0,2.07,224.0,0.0,synthetic-dataset
2026-10-03 09:00:00,Vijayawada,29.7,74.0,2.27,233.0,0.0,synthetic-dataset
2026-10-03 10:00:00,Vijayawada,29.3,68.0,2.41,231.0,0.0,synthetic-dataset
2026-10-03 11:00:00,Vijayawada,30.3,68.0,2.66,244.0,0.0,synthetic-dataset
2026-10-03 12:00:00,Vijayawada,30.7,59.0,3.19,232.0,0.0,synthetic-dataset
2026-10-03 13:00:00,Vijayawada,32.0,65.0,3.37,230.0,0.0,synthetic-dataset
2026-10-03 14:00:00,Vijayawada,32.3,59.0,3.42,247.0,0.0,synthetic-dataset
2026-10-03 15:00:00,Vijayawada,32.9,59.0,3.31,242.0,0.0,synthetic-dataset
2026-10-03 16:00:00,Vijayawada,31.5,59.0,4.03,245.0,0.0,synthetic-dataset
2026-10-03 17:00:00,Vijayawada,31.2,60.0,4.23,230.0,0.0,synthetic-dataset
2026-10-03 18:00:00,Vijayawada,30.5,66.0,4.54,226.0,0.0,synthetic-dataset
2026-10-03 19:00:00,Vijayawada,30.6,67.0,5.66,233.0,0.0,synthetic-dataset
2026-10-03 20:00:00,Vijayawada,30.1,71.0,4.34,233.0,0.0,synthetic-dataset
2026-10-03 21:00:00,Vijayawada,27.7,72.0,4.77,251.0,0.0,synthetic-dataset
2026-10-03 22:00:00,Vijayawada,26.7,77.0,4.97,254.0,0.0,synthetic-dataset
2026-10-03 23:00:00,Vijayawada,26.2,77.0,4.3,241.0,0.0,synthetic-dataset
2026-10-04 00:00:00,Vijayawada,25.0,87.0,1.41,318.0,0.0,synthetic-dataset
2026-10-04 01:00:00,Vijayawada,25.2,78.0,1.28,290.0,0.0,synthetic-dataset
2026-10-04 02:00:00,Vijayawada,22.6,87.0,1.13,309.0,0.0,synthetic-dataset
2026-10-04 03:00:00,Vijayawada,23.4,88.0,1.13,293.0,0.0,synthetic-dataset
2026-10-04 04:00:00,Vijayawada,23.6,81.0,1.0,302.0,0.0,synthetic-dataset
2026-10-04 05:00:00,Vijayawada,22.9,89.0,1.54,287.0,0.0,synthetic-dataset
2026-10-04 06:00:00,Vijayawada,24.5,83.0,1.32,294.0,0.0,synthetic-dataset
2026-10-04 07:00:00,Vijayawada,25.4,81.0,1.08,293.0,0.0,synthetic-dataset
2026-10-04 08:00:00,Vijayawada,26.8,75.0,1.5,309.0,0.0,synthetic-dataset
2026-10-04 09:00:00,Vijayawada,28.8,71.0,1.16,308.0,0.0,synthetic-dataset
2026-10-04 10:00:00,Vijayawada,28.9,68.0,0.95,303.0,0.0,synthetic-dataset
2026-10-04 11:00:00,Vijayawada,29.3,67.0,1.56,286.0,0.0,synthetic-dataset
2026-10-04 12:00:00,Vijayawada,30.8,68.0,1.17,297.0,0.0,synthetic-dataset
2026-10-04 13:00:00,Vijayawada,32.2,62.0,1.2,293.0,0.0,synthetic-dataset
2026-10-04 14:00:00,Vijayawada,31.2,58.0,1.31,309.0,0.0,synthetic-dataset
2026-10-04 15:00:00,Vijayawada,31.4,62.0,1.59,312.0,0.0,synthetic-dataset
2026-10-04 16:00:00,Vijayawada,32.3,63.0,1.31,311.0,0.0,synthetic-dataset
2026-10-04 17:00:00,Vijayawada,31.3,64.0,1.0,292.0,0.0,synthetic-dataset
2026-10-04 18:00:00,Vijayawada,31.3,66.0,1.44,273.0,0.0,synthetic-dataset
2026-10-04 19:00:00,Vijayawada,30.0,65.0,1.18,282.0,0.0,synthetic-dataset
2026-10-04 20:00:00,Vijayawada,29.5,66.0,1.77,314.0,0.0,synthetic-dataset
2026-10-04 21:00:00,Vijayawada,27.3,69.0,1.3,296.0,0.0,synthetic-dataset
2026-10-04 22:00:00,Vijayawada,27.0,70.0,0.74,292.0,0.0,synthetic-dataset
2026-10-04 23:00:00,Vijayawada,25.9,79.0,1.39,316.0,0.0,synthetic-dataset
2026-10-05 00:00:00,Vijayawada,24.3,80.0,1.79,313.0,0.0,synthetic-dataset
2026-10-05 01:00:00,Vijayawada,23.4,81.0,1.69,300.0,0.0,synthetic-dataset
2026-10-05 02:00:00,Vijayawada,24.6,75.0,3.6,218.0,0.0,synthetic-dataset
2026-10-05 03:00:00,Vijayawada,23.8,80.0,4.1,213.0,0.0,synthetic-dataset
2026-10-05 04:00:00,Vijayawada,31.0,68.0,4.5,226.0,0.0,synthetic-dataset
